Workbook

Sheet Dashboard
A1: Black Hat Community — Dashboard
A2: Live counts pulled from the Customer Log sheet. The example row (row 4) is intentionally excluded from every count below.
A4: Overview
A5: =COUNTA('Customer Log'!A5:A500) -> 0 | C5: =COUNTIF('Customer Log'!H5:H500,"Yes") -> 0 | E5: =COUNTIF('Customer Log'!H5:H500,"No") -> 0 | G5: =SUMIF('Customer Log'!H5:H500,"Yes",'Customer Log'!I5:I500) -> 0
A6: Total Customers | C6: Paid | E6: Unpaid | G6: Total Revenue Collected
A8: By Tier & Product
A9: =COUNTIF('Customer Log'!D5:D500,"Personal") -> 0 | C9: =COUNTIF('Customer Log'!D5:D500,"Business") -> 0 | E9: =COUNTIF('Customer Log'!C5:C500,"Card") -> 0 | G9: =COUNTIF('Customer Log'!C5:C500,"Bracelet") -> 0
A10: Personal | C10: Business | E10: Cards | G10: Bracelets
A12: Support & Follow-Up
A13: =COUNTIF('Customer Log'!M5:M500,"Subscribed") -> 0 | C13: =COUNTIF('Customer Log'!P5:P500,0) -> 0 | E13: =COUNTA('Customer Log'!A5:A500)-COUNTA('Customer Log'!F5:F500) -> 0 | G13: =COUNTA('Customer Log'!A5:A500)-COUNTA('Customer Log'!G5:G500) -> 0
A14: Subscribed to Support | C14: No Free Updates Left | E14: Missing Email | G14: Missing Phone
A16: =COUNTIFS('Customer Log'!M5:M500,"Subscribed",'Customer Log'!S5:S500,">=5") -> 0
A17: At/Near Quarterly Cap (5)
A18: Customers by State
A19: (Filter or sort the Customer Log's State column directly for a full breakdown — this is just a quick look at your top few.)
A20: State | B20: Count | C20: Type a state abbreviation into column A below to see its count — add as many rows as you like.
A21: NC | B21: =COUNTIF('Customer Log'!E5:E500,A21) -> 0
A22: VA | B22: =COUNTIF('Customer Log'!E5:E500,A22) -> 0
A23: SC | B23: =COUNTIF('Customer Log'!E5:E500,A23) -> 0
B24: =IF(A24="","",COUNTIF('Customer Log'!E5:E500,A24))
B25: =IF(A25="","",COUNTIF('Customer Log'!E5:E500,A25))
B26: =IF(A26="","",COUNTIF('Customer Log'!E5:E500,A26))

Sheet Client Lookup
A1: Client Lookup
A2: Pick a name below — every field updates from the Customer Log automatically.
A4: Select a client:
A6: Folder Name | B6: =IFERROR(INDEX('Customer Log'!B$4:B$50,MATCH($B$4,'Customer Log'!$A$4:$A$50,0)),"")
A7: Product Type | B7: =IFERROR(INDEX('Customer Log'!C$4:C$50,MATCH($B$4,'Customer Log'!$A$4:$A$50,0)),"")
A8: Tier | B8: =IFERROR(INDEX('Customer Log'!D$4:D$50,MATCH($B$4,'Customer Log'!$A$4:$A$50,0)),"")
A9: State | B9: =IFERROR(INDEX('Customer Log'!E$4:E$50,MATCH($B$4,'Customer Log'!$A$4:$A$50,0)),"")
A10: Email | B10: =IFERROR(INDEX('Customer Log'!F$4:F$50,MATCH($B$4,'Customer Log'!$A$4:$A$50,0)),"")
A11: Phone | B11: =IFERROR(INDEX('Customer Log'!G$4:G$50,MATCH($B$4,'Customer Log'!$A$4:$A$50,0)),"")
A12: Paid? | B12: =IFERROR(INDEX('Customer Log'!H$4:H$50,MATCH($B$4,'Customer Log'!$A$4:$A$50,0)),"")
A13: Payment Amount | B13: =IFERROR(INDEX('Customer Log'!I$4:I$50,MATCH($B$4,'Customer Log'!$A$4:$A$50,0)),"")
A14: Payment Method | B14: =IFERROR(INDEX('Customer Log'!J$4:J$50,MATCH($B$4,'Customer Log'!$A$4:$A$50,0)),"")
A15: Order Date | B15: =IFERROR(INDEX('Customer Log'!K$4:K$50,MATCH($B$4,'Customer Log'!$A$4:$A$50,0)),"")
A16: Ship Date | B16: =IFERROR(INDEX('Customer Log'!L$4:L$50,MATCH($B$4,'Customer Log'!$A$4:$A$50,0)),"")
A17: Support Tier | B17: =IFERROR(INDEX('Customer Log'!M$4:M$50,MATCH($B$4,'Customer Log'!$A$4:$A$50,0)),"")
A18: Renewal Date | B18: =IFERROR(INDEX('Customer Log'!N$4:N$50,MATCH($B$4,'Customer Log'!$A$4:$A$50,0)),"")
A19: Free Updates Used | B19: =IFERROR(INDEX('Customer Log'!O$4:O$50,MATCH($B$4,'Customer Log'!$A$4:$A$50,0)),"")
A20: Free Updates Remaining | B20: =IFERROR(INDEX('Customer Log'!P$4:P$50,MATCH($B$4,'Customer Log'!$A$4:$A$50,0)),"")
A21: Access Token | B21: =IFERROR(INDEX('Customer Log'!Q$4:Q$50,MATCH($B$4,'Customer Log'!$A$4:$A$50,0)),"")
A22: Updates Used This Quarter | B22: =IFERROR(INDEX('Customer Log'!S$4:S$50,MATCH($B$4,'Customer Log'!$A$4:$A$50,0)),"")
A23: Notes | B23: =IFERROR(INDEX('Customer Log'!R$4:R$50,MATCH($B$4,'Customer Log'!$A$4:$A$50,0)),"")

Sheet Customer Log
A1: Customer Log — one row per card. Row 4 (highlighted) is an example — replace it with your first real entry, or delete the row once you have real ones.
A2: Free updates included per card: | B2: 2 | C2: ← change this once, every row's remaining-updates count updates automatically
A3: Name | B3: Folder Name | C3: Product Type | D3: Tier | E3: State | F3: Email | G3: Phone | H3: Paid? | I3: Payment Amount | J3: Payment Method | K3: Order Date | L3: Ship Date | M3: Support Tier | N3: Renewal Date | O3: Free Updates Used | P3: Free Updates Remaining | Q3: Access Token | R3: Notes | S3: Updates Used This Quarter
A4: Angela Hanks | B4: angela-hanks | C4: Card | D4: Business | E4: NC | F4: ahanks@therealestate-co.com | G4: (252) 433-7769 | H4: Yes | I4: 50 | J4: Zelle | K4: 2026-03-01 | L4: 2026-03-10 | M4: Subscribed | N4: 2027-03-01 | O4: 1 | P4: =MAX(0,$B$2-O4) -> 1 | Q4: 9vzymqtw | R4: Realtor — added 3 listings so far | S4: 2
P5: =MAX(0,$B$2-O5) -> 2
P6: =MAX(0,$B$2-O6) -> 2
P7: =MAX(0,$B$2-O7) -> 2
P8: =MAX(0,$B$2-O8) -> 2
P9: =MAX(0,$B$2-O9) -> 2
P10: =MAX(0,$B$2-O10) -> 2
P11: =MAX(0,$B$2-O11) -> 2
P12: =MAX(0,$B$2-O12) -> 2
P13: =MAX(0,$B$2-O13) -> 2
P14: =MAX(0,$B$2-O14) -> 2
P15: =MAX(0,$B$2-O15) -> 2
P16: =MAX(0,$B$2-O16) -> 2
... P50: =MAX(0,$B$2-O50) -> 2
